{
  "name": "forex-calculator-platform",
  "version": "1.0.0",
  "description": "Professional forex trading calculators hosted on GitHub Pages",
  "homepage": "https://username.github.io/forex-calculator-platform",
  "scripts": {
    "dev": "vite",
    "build": "vite build --outDir=dist/public",
    "build:github": "chmod +x github-build.sh && ./github-build.sh",
    "preview": "vite preview",
    "deploy": "npm run build:github && git add docs && git commit -m 'Deploy to GitHub Pages' && git push"
  },
  "dependencies": {
    "@hookform/resolvers": "^3.3.0",
    "@radix-ui/react-accordion": "^1.1.0",
    "@radix-ui/react-alert-dialog": "^1.0.0",
    "@radix-ui/react-avatar": "^1.0.0",
    "@radix-ui/react-button": "^1.0.0",
    "@radix-ui/react-card": "^1.0.0",
    "@radix-ui/react-checkbox": "^1.0.0",
    "@radix-ui/react-dialog": "^1.0.0",
    "@radix-ui/react-dropdown-menu": "^2.0.0",
    "@radix-ui/react-form": "^1.0.0",
    "@radix-ui/react-hover-card": "^1.0.0",
    "@radix-ui/react-label": "^2.0.0",
    "@radix-ui/react-popover": "^1.0.0",
    "@radix-ui/react-progress": "^1.0.0",
    "@radix-ui/react-radio-group": "^1.1.0",
    "@radix-ui/react-scroll-area": "^1.0.0",
    "@radix-ui/react-select": "^1.2.0",
    "@radix-ui/react-separator": "^1.0.0",
    "@radix-ui/react-slider": "^1.1.0",
    "@radix-ui/react-slot": "^1.0.0",
    "@radix-ui/react-switch": "^1.0.0",
    "@radix-ui/react-tabs": "^1.0.0",
    "@radix-ui/react-toast": "^1.1.0",
    "@radix-ui/react-tooltip": "^1.0.0",
    "@tanstack/react-query": "^4.32.0",
    "class-variance-authority": "^0.7.0",
    "clsx": "^2.0.0",
    "cmdk": "^0.2.0",
    "date-fns": "^2.30.0",
    "embla-carousel-react": "^8.0.0",
    "framer-motion": "^10.16.0",
    "input-otp": "^1.2.0",
    "lightweight-charts": "^4.1.0",
    "lucide-react": "^0.263.1",
    "next-themes": "^0.2.1",
    "react": "^18.2.0",
    "react-day-picker": "^8.8.0",
    "react-dom": "^18.2.0",
    "react-hook-form": "^7.45.4",
    "react-icons": "^4.11.0",
    "react-resizable-panels": "^0.0.55",
    "recharts": "^2.8.0",
    "tailwind-merge": "^1.14.0",
    "tailwindcss": "^3.3.3",
    "tailwindcss-animate": "^1.0.6",
    "vaul": "^0.7.0",
    "wouter": "^2.12.1",
    "zod": "^3.22.2"
  },
  "devDependencies": {
    "@types/react": "^18.2.20",
    "@types/react-dom": "^18.2.7",
    "@vitejs/plugin-react": "^4.0.4",
    "autoprefixer": "^10.4.15",
    "postcss": "^8.4.28",
    "typescript": "^5.1.6",
    "vite": "^4.4.9"
  },
  "engines": {
    "node": ">=16.0.0"
  },
  "keywords": [
    "forex",
    "calculator",
    "trading",
    "github-pages",
    "free-hosting",
    "position-size",
    "pip-calculator",
    "margin-calculator"
  ],
  "author": "ForexCalculatorPro",
  "license": "MIT",
  "repository": {
    "type": "git",
    "url": "https://github.com/USERNAME/forex-calculator-platform.git"
  },
  "bugs": {
    "url": "https://github.com/USERNAME/forex-calculator-platform/issues"
  }
}