{
  "name": "forex-calculator-platform",
  "version": "1.0.0",
  "description": "Professional forex trading calculators with real-time market data",
  "main": "dist/index.js",
  "type": "module",
  "scripts": {
    "start": "node dist/index.js",
    "build": "npm run build:client && npm run build:server",
    "build:client": "vite build --outDir=dist/public",
    "build:server": "esbuild server/index.ts --bundle --platform=node --outfile=dist/index.js --external:tsx --format=cjs",
    "postinstall": "npm run build",
    "dev": "tsx server/index.ts",
    "preview": "npm run build && npm start"
  },
  "dependencies": {
    "@hookform/resolvers": "^3.3.0",
    "@neondatabase/serverless": "^0.6.0",
    "@radix-ui/react-accordion": "^1.1.0",
    "@radix-ui/react-alert-dialog": "^1.0.0",
    "@radix-ui/react-aspect-ratio": "^1.0.0",
    "@radix-ui/react-avatar": "^1.0.0",
    "@radix-ui/react-checkbox": "^1.0.0",
    "@radix-ui/react-collapsible": "^1.0.0",
    "@radix-ui/react-context-menu": "^2.1.0",
    "@radix-ui/react-dialog": "^1.0.0",
    "@radix-ui/react-dropdown-menu": "^2.0.0",
    "@radix-ui/react-hover-card": "^1.0.0",
    "@radix-ui/react-label": "^2.0.0",
    "@radix-ui/react-menubar": "^1.0.0",
    "@radix-ui/react-navigation-menu": "^1.1.0",
    "@radix-ui/react-popover": "^1.0.0",
    "@radix-ui/react-progress": "^1.0.0",
    "@radix-ui/react-radio-group": "^1.1.0",
    "@radix-ui/react-scroll-area": "^1.0.0",
    "@radix-ui/react-select": "^1.2.0",
    "@radix-ui/react-separator": "^1.0.0",
    "@radix-ui/react-slider": "^1.1.0",
    "@radix-ui/react-slot": "^1.0.0",
    "@radix-ui/react-switch": "^1.0.0",
    "@radix-ui/react-tabs": "^1.0.0",
    "@radix-ui/react-toast": "^1.1.0",
    "@radix-ui/react-toggle": "^1.0.0",
    "@radix-ui/react-toggle-group": "^1.0.0",
    "@radix-ui/react-tooltip": "^1.0.0",
    "@tanstack/react-query": "^4.32.0",
    "@vitejs/plugin-react": "^4.0.4",
    "class-variance-authority": "^0.7.0",
    "clsx": "^2.0.0",
    "cmdk": "^0.2.0",
    "date-fns": "^2.30.0",
    "drizzle-orm": "^0.28.6",
    "drizzle-zod": "^0.5.1",
    "embla-carousel-react": "^8.0.0",
    "express": "^4.18.2",
    "express-session": "^1.17.3",
    "framer-motion": "^10.16.0",
    "input-otp": "^1.2.0",
    "lightweight-charts": "^4.1.0",
    "lucide-react": "^0.263.1",
    "memorystore": "^1.6.7",
    "next-themes": "^0.2.1",
    "react": "^18.2.0",
    "react-day-picker": "^8.8.0",
    "react-dom": "^18.2.0",
    "react-hook-form": "^7.45.4",
    "react-icons": "^4.11.0",
    "react-resizable-panels": "^0.0.55",
    "recharts": "^2.8.0",
    "tailwind-merge": "^1.14.0",
    "tailwindcss": "^3.3.3",
    "tailwindcss-animate": "^1.0.6",
    "tsx": "^3.12.8",
    "tw-animate-css": "^0.1.0",
    "typescript": "^5.1.6",
    "vaul": "^0.7.0",
    "vite": "^4.4.9",
    "wouter": "^2.12.1",
    "ws": "^8.13.0",
    "zod": "^3.22.2",
    "zod-validation-error": "^1.5.0"
  },
  "devDependencies": {
    "@types/express": "^4.17.17",
    "@types/express-session": "^1.17.7",
    "@types/node": "^20.5.0",
    "@types/react": "^18.2.20",
    "@types/react-dom": "^18.2.7",
    "@types/ws": "^8.5.5",
    "autoprefixer": "^10.4.15",
    "drizzle-kit": "^0.19.13",
    "esbuild": "^0.19.2",
    "postcss": "^8.4.28"
  },
  "engines": {
    "node": "18.x"
  },
  "keywords": [
    "forex",
    "calculator",
    "trading",
    "finance",
    "position-size",
    "pip-calculator",
    "margin-calculator"
  ],
  "author": "ForexCalculatorPro",
  "license": "MIT"
}