{
  "name": "forexcalculatorpro",
  "version": "1.0.0",
  "description": "Professional Forex Calculator Platform with Trading Tools",
  "main": "dist/server/index.js",
  "scripts": {
    "build": "npm run build:client && npm run build:server",
    "build:client": "vite build --outDir dist/client",
    "build:server": "tsc -p server/tsconfig.json",
    "start": "node dist/server/index.js",
    "dev": "tsx server/index.ts",
    "postbuild": "cp -r client/dist/* dist/client/"
  },
  "engines": {
    "node": "18.x",
    "npm": ">=8.0.0"
  },
  "dependencies": {
    "@hookform/resolvers": "^3.3.2",
    "@neondatabase/serverless": "^0.9.0",
    "@radix-ui/react-accordion": "^1.1.2",
    "@radix-ui/react-alert-dialog": "^1.0.5",
    "@radix-ui/react-aspect-ratio": "^1.0.3",
    "@radix-ui/react-avatar": "^1.0.4",
    "@radix-ui/react-checkbox": "^1.0.4",
    "@radix-ui/react-collapsible": "^1.0.3",
    "@radix-ui/react-context-menu": "^2.1.5",
    "@radix-ui/react-dialog": "^1.0.5",
    "@radix-ui/react-dropdown-menu": "^2.0.6",
    "@radix-ui/react-hover-card": "^1.0.7",
    "@radix-ui/react-label": "^2.0.2",
    "@radix-ui/react-menubar": "^1.0.4",
    "@radix-ui/react-navigation-menu": "^1.1.4",
    "@radix-ui/react-popover": "^1.0.7",
    "@radix-ui/react-progress": "^1.0.3",
    "@radix-ui/react-radio-group": "^1.1.3",
    "@radix-ui/react-scroll-area": "^1.0.5",
    "@radix-ui/react-select": "^2.0.0",
    "@radix-ui/react-separator": "^1.0.3",
    "@radix-ui/react-slider": "^1.1.2",
    "@radix-ui/react-slot": "^1.0.2",
    "@radix-ui/react-switch": "^1.0.3",
    "@radix-ui/react-tabs": "^1.0.4",
    "@radix-ui/react-toast": "^1.1.5",
    "@radix-ui/react-toggle": "^1.0.3",
    "@radix-ui/react-toggle-group": "^1.0.4",
    "@radix-ui/react-tooltip": "^1.0.7",
    "@tanstack/react-query": "^5.0.0",
    "class-variance-authority": "^0.7.0",
    "clsx": "^2.0.0",
    "cmdk": "^0.2.0",
    "connect-pg-simple": "^9.0.1",
    "date-fns": "^2.30.0",
    "drizzle-orm": "^0.29.0",
    "drizzle-zod": "^0.5.1",
    "embla-carousel-react": "^8.0.0",
    "express": "^4.18.2",
    "express-session": "^1.17.3",
    "framer-motion": "^10.16.0",
    "input-otp": "^1.2.4",
    "lightweight-charts": "^4.1.0",
    "lucide-react": "^0.295.0",
    "memorystore": "^1.6.7",
    "next-themes": "^0.2.1",
    "passport": "^0.7.0",
    "passport-local": "^1.0.0",
    "react": "^18.2.0",
    "react-day-picker": "^8.9.1",
    "react-dom": "^18.2.0",
    "react-hook-form": "^7.47.0",
    "react-icons": "^4.12.0",
    "react-resizable-panels": "^0.0.55",
    "recharts": "^2.8.0",
    "tailwind-merge": "^2.0.0",
    "tailwindcss-animate": "^1.0.7",
    "tsx": "^4.0.0",
    "tw-animate-css": "^0.1.0",
    "typescript": "^5.0.0",
    "vaul": "^0.7.9",
    "wouter": "^2.12.1",
    "ws": "^8.14.2",
    "zod": "^3.22.4",
    "zod-validation-error": "^1.5.0"
  },
  "devDependencies": {
    "@types/connect-pg-simple": "^7.0.3",
    "@types/express": "^4.17.21",
    "@types/express-session": "^1.17.10",
    "@types/node": "^20.0.0",
    "@types/passport": "^1.0.16",
    "@types/passport-local": "^1.0.38",
    "@types/react": "^18.2.0",
    "@types/react-dom": "^18.2.0",
    "@types/ws": "^8.5.10",
    "@vitejs/plugin-react": "^4.0.0",
    "autoprefixer": "^10.4.0",
    "drizzle-kit": "^0.20.0",
    "esbuild": "^0.19.0",
    "postcss": "^8.4.0",
    "tailwindcss": "^3.3.0",
    "vite": "^5.0.0"
  },
  "keywords": [
    "forex",
    "calculator",
    "trading",
    "finance",
    "pip",
    "margin",
    "position-size",
    "profit",
    "cryptocurrency",
    "currency-converter"
  ],
  "author": "ForexCalculatorPro",
  "license": "MIT",
  "repository": {
    "type": "git",
    "url": "https://github.com/yourusername/forexcalculatorpro.git"
  }
}